{
    "k0": [  0   , 0     , 0        , 0        , 0        ],
    "k1": [-25.50, 0.1271, 0        ,-0.00308  , 0.0000877],
    "k2": [-15.82,-0.0219, 0        , 0.00113  ,-0.0001475],
    "kb": [-29.48, 0.1622,-0.0026080,-0.00284  , 0        ],
    "kw": [-20.02, 0.1119,-0.001409 ,-0.00513  , 0.0000794],
    "ks": [-18.03, 0.0466, 0.000316 ,-0.00453  , 0.00009  ],
    "kf": [ -9.78,-0.0090,-0.000942 ,-0.00391  , 0.000054 ],
    "kc": [-48.76, 0.5304, 0        ,-0.01176  , 0.0003692],
    "ka": [-45.96, 0.5304, 0        ,-0.01176  , 0.0003692],
    "kp1":[-14.51, 0.1211,-0.000321 ,-0.00267  , 0.0000427],
    "kp2":[-23.12, 0.1758,-0.002647 ,-0.00515  , 0.00009  ],
    "kp3":[-26.57, 0.2020,-0.0030420,-0.00408  , 0.0000714]
}
